text	target	entity
В 1992 году, в июле, я открывал счет. Там указана моя дата рождения.	[]	[]
Срок действия карты истекает в 2025 году. Мой паспорт у вас есть.	[]	[]
В 2018 году я брал ипотеку. Номер телефона не менялся.	[]	[]
Я потерял водительское удостоверение. Это было 15 мая 2022 года.	[]	[]
Моя дата рождения уже есть в анкете, а в 2021 году я только менял номер телефона.	[]	[]
В 2007 году я впервые оформил вклад, дата рождения в системе не менялась.	[]	[]
Когда я родился, родители жили в Туле, а в 2019 году я открыл карту.	[]	[]
В июне 2015 года я пришел в банк впервые. Дата рождения уже была в анкете.	[]	[]
Год рождения у вас указан верно, а 14 марта 2020 года я только перевыпускал карту.	[]	[]
После рождения ребенка в 2022 году я оформил дополнительную карту.	[]	[]
Я менял паспорт в 2021 году, а дата рождения в профиле осталась прежней.	[]	[]
В 2016 году у меня изменился адрес регистрации, но не дата рождения.	[]	[]
Укажите, пожалуйста, дату рождения из анкеты, а не дату 03.04.2021 из заявления.	[]	[]
Мой год рождения у вас указан, а 2020 год относится к дате открытия счета.	[]	[]
В 1999 году семья переехала, но дата рождения в банке указана корректно.	[]	[]
Я родился давно, а 12 декабря 2023 года просто подал заявление на кредит.	[]	[]
Проверьте дату рождения в профиле. Дата 2024 года относится к перевыпуску карты.	[]	[]
В мае 2018 года я восстановил доступ к личному кабинету, а дату рождения не менял.	[]	[]
Дата рождения в системе верная, а 07.09.2022 — это дата последнего обращения.	[]	[]
Я обновлял анкету в 2023 году после свадьбы. Год рождения менять не нужно.	[]	[]
После рождения сына я открыл детский счет в 2021 году.	[]	[]
В 2014 году был первый кредит, а дата рождения хранится отдельно.	[]	[]
Год 2017 в выписке относится к договору, а не к моей дате рождения.	[]	[]
Я указал дату рождения ранее, а 10 октября 2020 года обращался в офис.	[]	[]
В 2022 году мне выдали новую карту, дата рождения при этом не менялась.	[]	[]
В анкете есть дата рождения, а июль 2019 года — это месяц открытия вклада.	[]	[]
Мой год рождения не менялся, а в 2008 году я впервые стал клиентом банка.	[]	[]
После смены фамилии в 2021 году дата рождения осталась прежней.	[]	[]
Я просил обновить контактные данные, а дата 11.11.2022 относится к заявке.	[]	[]
В 2013 году я оформил ипотеку, а год рождения указан в паспорте.	[]	[]
Дата рождения есть в профиле, а 2025 год — это срок действия карты.	[]	[]
Рождение ребенка мы оформляли в 2020 году, к моей дате рождения это не относится.	[]	[]
В 2011 году открыл расчетный счет как ИП, дата рождения уже была в базе.	[]	[]
Я не помню, когда приносил паспорт, кажется, это было 18 июня 2021 года.	[]	[]
Год рождения у меня один, а 2018 год касается выпуска первой карты.	[]	[]
Дата рождения подтверждена, а 05.06.2020 — это дата обновления анкеты.	[]	[]
В сентябре 2024 года я закрывал вклад, а не менял дату рождения.	[]	[]
Сведения о дате рождения не трогали, менялся только номер телефона в 2022 году.	[]	[]
В 2005 году я получал первую зарплатную карту, дата рождения была внесена позже.	[]	[]
После рождения дочери я добавил ее в страховку в 2023 году.	[]	[]
Я приносил новый паспорт 21 апреля 2022 года, но дата рождения осталась прежней.	[]	[]
В 2019 году обновился тариф по карте, а дата рождения в анкете не менялась.	[]	[]
Если дата рождения не проходит проверку, это не связано с 2021 годом открытия счета.	[]	[]
В 2010 году я подключил интернет-банк, а дату рождения подтверждал отдельно.	[]	[]
Мой год рождения указан верно, а 2022 относится к смене адреса.	[]	[]
Я изменил фамилию в 2017 году, но дата рождения осталась без изменений.	[]	[]
В августе 2023 года я просто перевел деньги между счетами.	[]	[]
Дата рождения уже есть у вас в системе, а 2016 год указан в старом договоре.	[]	[]
В 2024 году я продлил страховку, это не дата рождения.	[]	[]
Я родился не вчера, а дата 01.03.2021 относится к обращению в банк.	[]	[]
Я сейчас живу в Самаре. Это не место рождения, а текущий город проживания.	[]	[]
Для доставки карты укажите Казань, а не место рождения из паспорта.	[]	[]
В заявлении указан адрес: Тверь, улица Мира, дом 8. Это не место рождения.	[]	[]
Я переехал в Омск в прошлом году. Почему система считает это местом рождения?	[]	[]
В поле адреса я указал Пермь, а не место рождения.	[]	[]
Для курьерской доставки нужен город Уфа, это не место рождения.	[]	[]
На карте доставки указан Томск, потому что я там живу.	[]	[]
В анкете для связи стоит Новосибирск, это город проживания.	[]	[]
Адрес регистрации: Калуга, улица Ленина, дом 4. К месту рождения это не относится.	[]	[]
В поле доставки я указал Белгород, потому что там находится офис.	[]	[]
Санкт-Петербург нужен только как адрес получения документов.	[]	[]
Я указал Краснодар как город пребывания, а не место рождения.	[]	[]
Для подтверждения адреса у меня указан Курск, улица Садовая, 12.	[]	[]
В профиле стоит Ярославль как город проживания, исправлять место рождения не нужно.	[]	[]
Нижний Новгород нужен для доставки новой карты, это не место рождения.	[]	[]
В заявке фигурирует Рязань, потому что это адрес офиса работодателя.	[]	[]
Город Челябинск указан для доставки, а не как место рождения.	[]	[]
Адрес для корреспонденции: Иваново, проспект Мира, дом 7.	[]	[]
В анкете стоит Сочи как место проживания на время отпуска.	[]	[]
Для выпуска карты я указал Архангельск как адрес доставки.	[]	[]
В поле адреса ошибочно попал Орёл, а место рождения у меня другое.	[]	[]
Тула в заявлении — это город регистрации, не место рождения.	[]	[]
По адресу проживания указан Владивосток, это не место рождения.	[]	[]
Я сейчас нахожусь в Кирове, поэтому указал его для связи.	[]	[]
В личном кабинете стоит Смоленск как адрес проживания.	[]	[]
Для отправки документов нужен Тамбов, улица Победы, дом 11.	[]	[]
Город Пенза указан в блоке доставки, а не в графе рождения.	[]	[]
Я внес Липецк как текущий адрес, а система почему-то ругается на место рождения.	[]	[]
В анкете есть Москва, потому что это адрес регистрации компании.	[]	[]
Адрес получения карты: Тюмень, улица Республики, дом 20.	[]	[]
В профиле указан Барнаул как адрес проживания после переезда.	[]	[]
Для связи оставьте, пожалуйста, город Кемерово.	[]	[]
Я указал Саранск только для доставки выписки.	[]	[]
В заявке фигурирует Хабаровск как текущий адрес пребывания.	[]	[]
В блоке доставки указан Петрозаводск, потому что туда привезут карту.	[]	[]
Моё место рождения — Саратов. Проверьте, пожалуйста, что в анкете указан именно он.	[(21, 28, 'Место рождения')]	[Место рождения: 'Саратов']
В паспорте место рождения указано как Курган, а у вас в системе почему-то Тюмень.	[(39, 45, 'Место рождения'), (73, 79, 'Место рождения')]	[Место рождения: 'Курган'], [Место рождения: 'Тюмень']
Мне нужно исправить место рождения с Пскова на Великий Новгород.	[(38, 44, 'Место рождения'), (48, 64, 'Место рождения')]	[Место рождения: 'Пскова'], [Место рождения: 'Великий Новгород']
Я родился в Астрахани, но в анкете вижу Самару.	[(12, 21, 'Место рождения'), (42, 48, 'Место рождения')]	[Место рождения: 'Астрахани'], [Место рождения: 'Самару']
Проверьте место рождения: в паспорте у меня указана Уфа.	[(51, 54, 'Место рождения')]	[Место рождения: 'Уфа']
Место рождения в системе — Мурманск, это верно.	[(27, 35, 'Место рождения')]	[Место рождения: 'Мурманск']
Я родился в Калуге. Нужно ли это подтверждать отдельно?	[(12, 19, 'Место рождения')]	[Место рождения: 'Калуге']
В графе место рождения у меня должна быть Республика Коми.	[(37, 53, 'Место рождения')]	[Место рождения: 'Республика Коми']
Укажите, пожалуйста, место рождения «Нижний Тагил», как в паспорте.	[(36, 49, 'Место рождения')]	[Место рождения: 'Нижний Тагил']
Место рождения у меня — Оренбург, а не Омск.	[(24, 33, 'Место рождения'), (40, 44, 'Место рождения')]	[Место рождения: 'Оренбург'], [Место рождения: 'Омск']
Я заметил, что место рождения указано как Тула. Это правильно.	[(41, 45, 'Место рождения')]	[Место рождения: 'Тула']
В анкете место рождения — Белгородская область. Оставьте так.	[(26, 46, 'Место рождения')]	[Место рождения: 'Белгородская область']
Я хочу изменить место рождения на Чебоксары.	[(34, 43, 'Место рождения')]	[Место рождения: 'Чебоксары']
В паспорте написано, что я родился в Якутске.	[(37, 44, 'Место рождения')]	[Место рождения: 'Якутске']
Моё место рождения указано как Республика Дагестан. Это соответствует паспорту.	[(31, 50, 'Место рождения')]	[Место рождения: 'Республика Дагестан']